example,condition,source,source_offset_seconds,applied_gain,output,sha256,sample_rate_hz,channels,duration_seconds
ballet-egyptian,input,/data/steven/restor/reports/listening_test_table5/golisten_babe2_25/staged_audio/orchestra_ballet_egyptian_110/INPUT.wav,0,0.891250938,public/audio/historical/ballet-egyptian/input.mp3,e6b611f617ab2c62209e1e66996d66f579bfeed1a3e9fb4f8dad7b555022720c,44100,2,5.041633
ballet-egyptian,babe2-p,/data/steven/restor/reports/listening_test_table5/golisten_babe2_25/staged_audio/orchestra_ballet_egyptian_110/BABE2_PRETRAINED.wav,0,0.891250938,public/audio/historical/ballet-egyptian/babe2-p.mp3,6138c04fd87a36a3a2e4165e7839da1a6e24a3f58d38b30b8b1c46439ed6be6f,44100,2,5.041633
ballet-egyptian,babe2-fms,/data/steven/restor/reports/listening_test_table5/golisten_babe2_25/staged_audio/orchestra_ballet_egyptian_110/BABE2_FMS.wav,0,0.891250938,public/audio/historical/ballet-egyptian/babe2-fms.mp3,dd880a6b35a1abf6d080b59c0e0bbee6b2a3c2c0cf86a9aec52a099c1f514309,44100,2,5.041633
ballet-egyptian,samecfm,/data/steven/restor/reports/listening_test_table5/golisten_babe2_25/staged_audio/orchestra_ballet_egyptian_110/CFM40.wav,0,0.891250938,public/audio/historical/ballet-egyptian/samecfm.mp3,a87d6a26abe2e8bb338a8d9f1b9236a5b3e43f14c51c40b163530ee330b41076,44100,2,5.041633
ballet-egyptian,behm-p,/data/steven/restor/IA_test_set_inference_outputs/behm/denoiser_only_44k_compat/78_ballet-egyptian-nos-1-and-2_american-symphony-orchestra-alexandre-luigini_gbia0078132a.flac,110.0,0.87342591924,public/audio/historical/ballet-egyptian/behm-p.mp3,e6fb76cc50a03072ed46f56889217f8298c88ab86500b19ad5c98e685a7927e7,44100,2,5.041633
ballet-egyptian,behm-fms,/data/steven/restor/IA_test_set_inference_outputs/behm/fms_leakless/78_ballet-egyptian-nos-1-and-2_american-symphony-orchestra-alexandre-luigini_gbia0078132a.flac,110.0,0.87342591924,public/audio/historical/ballet-egyptian/behm-fms.mp3,bc2b4dc54322014bb38c491acead5d65a018885ee38511579a92499d4de11f1c,44100,2,5.041633
rigoletto,input,/data/steven/restor/reports/listening_test_table5/golisten_babe2_25/staged_audio/orchestra_rigoletto_75/INPUT.wav,0,0.891250938,public/audio/historical/rigoletto/input.mp3,9ec5a09737f8791bdc96e758ff6ef3da30e6413c4bfdefd8f1ad2b0f6a264bce,44100,2,5.041633
rigoletto,babe2-p,/data/steven/restor/reports/listening_test_table5/golisten_babe2_25/staged_audio/orchestra_rigoletto_75/BABE2_PRETRAINED.wav,0,0.891250938,public/audio/historical/rigoletto/babe2-p.mp3,88cdb08f4f1fdae34ee933496e7873a9aacd342b03805158aea4067e8fe37f04,44100,2,5.041633
rigoletto,babe2-fms,/data/steven/restor/reports/listening_test_table5/golisten_babe2_25/staged_audio/orchestra_rigoletto_75/BABE2_FMS.wav,0,0.891250938,public/audio/historical/rigoletto/babe2-fms.mp3,c0f83ea8573b78f2dde34e988d624b9bf806b3f1ac4fcd892b1c4df9bd81acdb,44100,2,5.041633
rigoletto,samecfm,/data/steven/restor/reports/listening_test_table5/golisten_babe2_25/staged_audio/orchestra_rigoletto_75/CFM40.wav,0,0.891250938,public/audio/historical/rigoletto/samecfm.mp3,fef7de6b017db6140b43d792f5b0a19c007b55fa30ee44ddc8570a516c163958,44100,2,5.041633
rigoletto,behm-p,/data/steven/restor/IA_test_set_inference_outputs/behm/denoiser_only_44k_compat/78_rigoletto-selection-part-1_american-symphony-orchestra-g-verdi_gbia0298845a.flac,75.0,0.87342591924,public/audio/historical/rigoletto/behm-p.mp3,0d13734f8488110fcc4ff330f8e1da0bff059b49b76ce2e74932c961e4691a2a,44100,2,5.041633
rigoletto,behm-fms,/data/steven/restor/IA_test_set_inference_outputs/behm/fms_leakless/78_rigoletto-selection-part-1_american-symphony-orchestra-g-verdi_gbia0298845a.flac,75.0,0.87342591924,public/audio/historical/rigoletto/behm-fms.mp3,2ed714f6caaa86d320f8badc9c62f785dad0d2eac27569cdc269721fbf92271d,44100,2,5.041633
hungarian-dance,input,/data/steven/restor/reports/listening_test_table5/golisten_babe2_25/staged_audio/orchestra_hungarian_dance_5_95/INPUT.wav,0,0.891250938,public/audio/historical/hungarian-dance/input.mp3,fc5634f19b795fc155e6b48779d53bc841b508434e7994a739cb05bcccc7d2e4,44100,2,5.041633
hungarian-dance,babe2-p,/data/steven/restor/reports/listening_test_table5/golisten_babe2_25/staged_audio/orchestra_hungarian_dance_5_95/BABE2_PRETRAINED.wav,0,0.891250938,public/audio/historical/hungarian-dance/babe2-p.mp3,8742e305fc035515c1b664a15609bc968c4966e79958c92a06fdac0386dc0bcb,44100,2,5.041633
hungarian-dance,babe2-fms,/data/steven/restor/reports/listening_test_table5/golisten_babe2_25/staged_audio/orchestra_hungarian_dance_5_95/BABE2_FMS.wav,0,0.891250938,public/audio/historical/hungarian-dance/babe2-fms.mp3,4f5a4046a866098c048c847dd764dfbbcfb2a15f210ec6f02c86a95d5ebadb11,44100,2,5.041633
hungarian-dance,samecfm,/data/steven/restor/reports/listening_test_table5/golisten_babe2_25/staged_audio/orchestra_hungarian_dance_5_95/CFM40.wav,0,0.891250938,public/audio/historical/hungarian-dance/samecfm.mp3,c9abc9b0bd286a649d6e65219d3f3ab7954d6605000d892429d5609d751334d6,44100,2,5.041633
hungarian-dance,behm-p,/data/steven/restor/IA_test_set_inference_outputs/behm/denoiser_only_44k_compat/78_hungarian-dance-no-5_philadelphia-symphony-orchestra-brahms-leopold-stokowski_gbia0183029a.flac,95.0,0.891250938,public/audio/historical/hungarian-dance/behm-p.mp3,577514df48fc602a294769a8d6620f157de6860bd4cae88f21ce7ab0bde3be64,44100,2,5.041633
hungarian-dance,behm-fms,/data/steven/restor/IA_test_set_inference_outputs/behm/fms_leakless/78_hungarian-dance-no-5_philadelphia-symphony-orchestra-brahms-leopold-stokowski_gbia0183029a.flac,95.0,0.891250938,public/audio/historical/hungarian-dance/behm-fms.mp3,959f004e47938b011523e04960aa599072a54e916b489dbdebe5c98aab15b44c,44100,2,5.041633
minuetto,input,/data/steven/restor/reports/listening_test_table5/golisten_babe2_25/staged_audio/light_minuetto_80/INPUT.wav,0,0.891250938,public/audio/historical/minuetto/input.mp3,3d0552b246b8f043f9aa508da998d384f753fd4302a7b689c8e0c6f9f56b8c73,44100,2,5.041633
minuetto,babe2-p,/data/steven/restor/reports/listening_test_table5/golisten_babe2_25/staged_audio/light_minuetto_80/BABE2_PRETRAINED.wav,0,0.891250938,public/audio/historical/minuetto/babe2-p.mp3,6d446f8240170fb25e5989d28299b8104634177dced7a896c67ddd676ea31d94,44100,2,5.041633
minuetto,babe2-fms,/data/steven/restor/reports/listening_test_table5/golisten_babe2_25/staged_audio/light_minuetto_80/BABE2_FMS.wav,0,0.891250938,public/audio/historical/minuetto/babe2-fms.mp3,dc5fba7a93b7d4c649815761200d1b771457305efc9cb3137956495ac9af1a37,44100,2,5.041633
minuetto,samecfm,/data/steven/restor/reports/listening_test_table5/golisten_babe2_25/staged_audio/light_minuetto_80/CFM40.wav,0,0.891250938,public/audio/historical/minuetto/samecfm.mp3,0aec7feac992e6330907c5ae2dac108a19bc65ea722972f35c31fcdad113bddc,44100,2,5.041633
minuetto,behm-p,/data/steven/restor/IA_test_set_inference_outputs/behm/denoiser_only_44k_compat/78_minuetto_american-symphony-orchestra-g-bolzoni_gbia0078138a.flac,80.0,0.87342591924,public/audio/historical/minuetto/behm-p.mp3,f1ffbbcfc175554d141587a51eb3985002e14acd99e55038e80e873096b86ac8,44100,2,5.041633
minuetto,behm-fms,/data/steven/restor/IA_test_set_inference_outputs/behm/fms_leakless/78_minuetto_american-symphony-orchestra-g-bolzoni_gbia0078138a.flac,80.0,0.87342591924,public/audio/historical/minuetto/behm-fms.mp3,4bad53261a824885ae09cbcf1947c0609898d00ae4e78593bc464e708d9e7bc8,44100,2,5.041633
scented-violets,input,/data/steven/restor/reports/listening_test_table5/golisten_babe2_25/staged_audio/light_scented_violets_50/INPUT.wav,0,0.891250938,public/audio/historical/scented-violets/input.mp3,71760bbb547d146001618bf7bcdff3bb1f20e7893e80ebf58afed6bd1d4a13e2,44100,2,5.041633
scented-violets,babe2-p,/data/steven/restor/reports/listening_test_table5/golisten_babe2_25/staged_audio/light_scented_violets_50/BABE2_PRETRAINED.wav,0,0.891250938,public/audio/historical/scented-violets/babe2-p.mp3,108003d99fec29fd39cf4b0ec3757840d9d90ca05148ce8ac3dec091229d4e3e,44100,2,5.041633
scented-violets,babe2-fms,/data/steven/restor/reports/listening_test_table5/golisten_babe2_25/staged_audio/light_scented_violets_50/BABE2_FMS.wav,0,0.891250938,public/audio/historical/scented-violets/babe2-fms.mp3,80cf767f037b659ba624a521951540b610e4fadd8547446d68459adc338d2e49,44100,2,5.041633
scented-violets,samecfm,/data/steven/restor/reports/listening_test_table5/golisten_babe2_25/staged_audio/light_scented_violets_50/CFM40.wav,0,0.891250938,public/audio/historical/scented-violets/samecfm.mp3,5179ceb4c2f9fb8a05d9bf0186e23a573620c82737320ca31d8e772a4a22678a,44100,2,5.041633
scented-violets,behm-p,/data/steven/restor/IA_test_set_inference_outputs/behm/denoiser_only_44k_compat/78_scented-violets_peerless-orchestra-jules-reynard_gbia0178673b.flac,50.0,0.87342591924,public/audio/historical/scented-violets/behm-p.mp3,b3039d2327244cca74de11314c1ff15c7f961e81956d64191967d234d343651f,44100,2,5.041633
scented-violets,behm-fms,/data/steven/restor/IA_test_set_inference_outputs/behm/fms_leakless/78_scented-violets_peerless-orchestra-jules-reynard_gbia0178673b.flac,50.0,0.87342591924,public/audio/historical/scented-violets/behm-fms.mp3,db5b25e537b26167d1e8ca9bd24c44d6c62d899a45385a16aa6f049d44604ba4,44100,2,5.041633
lady-bird,input,/data/steven/restor/reports/listening_test_table5/golisten_babe2_25/staged_audio/light_lady_bird_95/INPUT.wav,0,0.891250938,public/audio/historical/lady-bird/input.mp3,ad842fad5399871157dde6178fd4efe7550553fcc11253273a270e8111d311fa,44100,2,5.041633
lady-bird,babe2-p,/data/steven/restor/reports/listening_test_table5/golisten_babe2_25/staged_audio/light_lady_bird_95/BABE2_PRETRAINED.wav,0,0.891250938,public/audio/historical/lady-bird/babe2-p.mp3,d753162158b14d4e9b9a7374687e237be4e7593b9b6ab63b4ffd23c0bb357f2b,44100,2,5.041633
lady-bird,babe2-fms,/data/steven/restor/reports/listening_test_table5/golisten_babe2_25/staged_audio/light_lady_bird_95/BABE2_FMS.wav,0,0.891250938,public/audio/historical/lady-bird/babe2-fms.mp3,cb7ad12a2442af066819403b4fe0b6c3213fd272a6e826fb9bb127efbe93eacd,44100,2,5.041633
lady-bird,samecfm,/data/steven/restor/reports/listening_test_table5/golisten_babe2_25/staged_audio/light_lady_bird_95/CFM40.wav,0,0.891250938,public/audio/historical/lady-bird/samecfm.mp3,e145825c430500c43db792e876df80e7ce7605264d2488fcf4a075c4dfd157ce,44100,2,5.041633
lady-bird,behm-p,/data/steven/restor/IA_test_set_inference_outputs/behm/denoiser_only_44k_compat/78_lady-bird-tango_the-peerless-orchestra-p-s-robinson_gbia3038426b.flac,95.0,0.891250938,public/audio/historical/lady-bird/behm-p.mp3,291201d78f0a24f20b8fb89bbf525db4aad61e95956f6da5eb14da6694a353a1,44100,2,5.041633
lady-bird,behm-fms,/data/steven/restor/IA_test_set_inference_outputs/behm/fms_leakless/78_lady-bird-tango_the-peerless-orchestra-p-s-robinson_gbia3038426b.flac,95.0,0.891250938,public/audio/historical/lady-bird/behm-fms.mp3,13550f3f1aef3aeb0ca75ba12b286227c8f30e94e0c5082372123f26dc48542b,44100,2,5.041633
